planning_area_clean,subzone_clean,num_centres,estimated_capacity,supply_scenario
ANG MO KIO,ANG MO KIO TOWN CENTRE,2,200,strict_childcare
ANG MO KIO,CHENG SAN,5,500,strict_childcare
ANG MO KIO,CHONG BOON,3,300,strict_childcare
ANG MO KIO,KEBUN BAHRU,7,700,strict_childcare
ANG MO KIO,SEMBAWANG HILLS,3,300,strict_childcare
ANG MO KIO,SHANGRI LA,7,700,strict_childcare
ANG MO KIO,TAGORE,4,400,strict_childcare
ANG MO KIO,TOWNSVILLE,5,500,strict_childcare
ANG MO KIO,YIO CHU KANG,5,500,strict_childcare
ANG MO KIO,YIO CHU KANG EAST,5,500,strict_childcare
ANG MO KIO,YIO CHU KANG WEST,7,700,strict_childcare
BEDOK,BAYSHORE,3,300,strict_childcare
BEDOK,BEDOK NORTH,22,2200,strict_childcare
BEDOK,BEDOK RESERVOIR,6,600,strict_childcare
BEDOK,BEDOK SOUTH,12,1200,strict_childcare
BEDOK,FRANKEL,22,2200,strict_childcare
BEDOK,KAKI BUKIT,9,900,strict_childcare
BEDOK,KEMBANGAN,10,1000,strict_childcare
BEDOK,SIGLAP,1,100,strict_childcare
BISHAN,BISHAN EAST,10,1000,strict_childcare
BISHAN,MARYMOUNT,12,1200,strict_childcare
BISHAN,UPPER THOMSON,14,1400,strict_childcare
BUKIT BATOK,BRICKWORKS,12,1200,strict_childcare
BUKIT BATOK,BUKIT BATOK CENTRAL,9,900,strict_childcare
BUKIT BATOK,BUKIT BATOK EAST,3,300,strict_childcare
BUKIT BATOK,BUKIT BATOK SOUTH,7,700,strict_childcare
BUKIT BATOK,BUKIT BATOK WEST,3,300,strict_childcare
BUKIT BATOK,GOMBAK,4,400,strict_childcare
BUKIT BATOK,GUILIN,3,300,strict_childcare
BUKIT BATOK,HILLVIEW,10,1000,strict_childcare
BUKIT BATOK,HONG KAH NORTH,6,600,strict_childcare
BUKIT MERAH,ALEXANDRA HILL,8,800,strict_childcare
BUKIT MERAH,ALEXANDRA NORTH,2,200,strict_childcare
BUKIT MERAH,BUKIT HO SWEE,4,400,strict_childcare
BUKIT MERAH,BUKIT MERAH,1,100,strict_childcare
BUKIT MERAH,DEPOT ROAD,4,400,strict_childcare
BUKIT MERAH,HENDERSON HILL,2,200,strict_childcare
BUKIT MERAH,KAMPONG TIONG BAHRU,2,200,strict_childcare
BUKIT MERAH,REDHILL,1,100,strict_childcare
BUKIT MERAH,SINGAPORE GENERAL HOSPITAL,1,100,strict_childcare
BUKIT MERAH,TELOK BLANGAH DRIVE,4,400,strict_childcare
BUKIT MERAH,TIONG BAHRU,3,300,strict_childcare
BUKIT MERAH,TIONG BAHRU STATION,3,300,strict_childcare
BUKIT PANJANG,BANGKIT,5,500,strict_childcare
BUKIT PANJANG,DAIRY FARM,4,400,strict_childcare
BUKIT PANJANG,FAJAR,9,900,strict_childcare
BUKIT PANJANG,JELEBU,7,700,strict_childcare
BUKIT PANJANG,NATURE RESERVE,4,400,strict_childcare
BUKIT PANJANG,SAUJANA,10,1000,strict_childcare
BUKIT PANJANG,SENJA,6,600,strict_childcare
BUKIT TIMAH,ANAK BUKIT,14,1400,strict_childcare
BUKIT TIMAH,CORONATION ROAD,5,500,strict_childcare
BUKIT TIMAH,FARRER COURT,1,100,strict_childcare
BUKIT TIMAH,HILLCREST,6,600,strict_childcare
BUKIT TIMAH,HOLLAND ROAD,3,300,strict_childcare
BUKIT TIMAH,LEEDON PARK,2,200,strict_childcare
BUKIT TIMAH,SWISS CLUB,3,300,strict_childcare
BUKIT TIMAH,ULU PANDAN,4,400,strict_childcare
CHANGI,CHANGI AIRPORT,2,200,strict_childcare
CHOA CHU KANG,CHOA CHU KANG CENTRAL,8,800,strict_childcare
CHOA CHU KANG,CHOA CHU KANG NORTH,8,800,strict_childcare
CHOA CHU KANG,KEAT HONG,11,1100,strict_childcare
CHOA CHU KANG,PENG SIANG,10,1000,strict_childcare
CHOA CHU KANG,TECK WHYE,11,1100,strict_childcare
CHOA CHU KANG,YEW TEE,7,700,strict_childcare
CLEMENTI,CLEMENTI CENTRAL,6,600,strict_childcare
CLEMENTI,CLEMENTI NORTH,8,800,strict_childcare
CLEMENTI,CLEMENTI WEST,3,300,strict_childcare
CLEMENTI,CLEMENTI WOODS,9,900,strict_childcare
CLEMENTI,FABER,1,100,strict_childcare
CLEMENTI,SUNSET WAY,2,200,strict_childcare
CLEMENTI,TOH TUCK,3,300,strict_childcare
CLEMENTI,WEST COAST,4,400,strict_childcare
DOWNTOWN CORE,CITY HALL,1,100,strict_childcare
GEYLANG,ALJUNIED,17,1700,strict_childcare
GEYLANG,GEYLANG EAST,12,1200,strict_childcare
GEYLANG,KALLANG WAY,3,300,strict_childcare
GEYLANG,KAMPONG UBI,8,800,strict_childcare
GEYLANG,MACPHERSON,8,800,strict_childcare
HOUGANG,HOUGANG CENTRAL,1,100,strict_childcare
HOUGANG,HOUGANG EAST,4,400,strict_childcare
HOUGANG,HOUGANG WEST,8,800,strict_childcare
HOUGANG,KANGKAR,9,900,strict_childcare
HOUGANG,KOVAN,11,1100,strict_childcare
HOUGANG,LORONG AH SOO,14,1400,strict_childcare
HOUGANG,TAI SENG,7,700,strict_childcare
HOUGANG,TRAFALGAR,10,1000,strict_childcare
JURONG EAST,INTERNATIONAL BUSINESS PARK,6,600,strict_childcare
JURONG EAST,JURONG GATEWAY,6,600,strict_childcare
JURONG EAST,TEBAN GARDENS,4,400,strict_childcare
JURONG EAST,TOH GUAN,7,700,strict_childcare
JURONG EAST,YUHUA EAST,7,700,strict_childcare
JURONG EAST,YUHUA WEST,2,200,strict_childcare
JURONG WEST,BOON LAY PLACE,6,600,strict_childcare
JURONG WEST,HONG KAH,16,1600,strict_childcare
JURONG WEST,JURONG WEST CENTRAL,19,1900,strict_childcare
JURONG WEST,KIAN TECK,1,100,strict_childcare
JURONG WEST,TAMAN JURONG,13,1300,strict_childcare
JURONG WEST,WENYA,3,300,strict_childcare
JURONG WEST,YUNNAN,18,1800,strict_childcare
KALLANG,BENDEMEER,15,1500,strict_childcare
KALLANG,BOON KENG,3,300,strict_childcare
KALLANG,CRAWFORD,1,100,strict_childcare
KALLANG,GEYLANG BAHRU,3,300,strict_childcare
KALLANG,KALLANG BAHRU,8,800,strict_childcare
KALLANG,KAMPONG BUGIS,1,100,strict_childcare
KALLANG,KAMPONG JAVA,3,300,strict_childcare
KALLANG,LAVENDER,3,300,strict_childcare
KALLANG,TANJONG RHU,2,200,strict_childcare
MANDAI,MANDAI EAST,1,100,strict_childcare
MANDAI,MANDAI ESTATE,2,200,strict_childcare
MARINE PARADE,KATONG,11,1100,strict_childcare
MARINE PARADE,MARINE PARADE,10,1000,strict_childcare
MARINE PARADE,MOUNTBATTEN,8,800,strict_childcare
MUSEUM,DHOBY GHAUT,1,100,strict_childcare
NEWTON,CAIRNHILL,1,100,strict_childcare
NEWTON,GOODWOOD PARK,2,200,strict_childcare
NEWTON,ISTANA NEGARA,1,100,strict_childcare
NEWTON,NEWTON CIRCUS,1,100,strict_childcare
NOVENA,BALESTIER,10,1000,strict_childcare
NOVENA,DUNEARN,2,200,strict_childcare
NOVENA,MALCOLM,1,100,strict_childcare
NOVENA,MOULMEIN,9,900,strict_childcare
ORCHARD,BOULEVARD,3,300,strict_childcare
OUTRAM,PEARLS HILL,2,200,strict_childcare
PASIR RIS,FLORA DRIVE,3,300,strict_childcare
PASIR RIS,PASIR RIS CENTRAL,10,1000,strict_childcare
PASIR RIS,PASIR RIS DRIVE,12,1200,strict_childcare
PASIR RIS,PASIR RIS PARK,6,600,strict_childcare
PASIR RIS,PASIR RIS WEST,14,1400,strict_childcare
PUNGGOL,MATILDA,12,1200,strict_childcare
PUNGGOL,NORTHSHORE,16,1600,strict_childcare
PUNGGOL,PUNGGOL FIELD,14,1400,strict_childcare
PUNGGOL,PUNGGOL TOWN CENTRE,10,1000,strict_childcare
PUNGGOL,WATERWAY EAST,19,1900,strict_childcare
QUEENSTOWN,COMMONWEALTH,1,100,strict_childcare
QUEENSTOWN,DOVER,2,200,strict_childcare
QUEENSTOWN,GHIM MOH,4,400,strict_childcare
QUEENSTOWN,HOLLAND DRIVE,4,400,strict_childcare
QUEENSTOWN,KENT RIDGE,2,200,strict_childcare
QUEENSTOWN,MARGARET DRIVE,12,1200,strict_childcare
QUEENSTOWN,MEI CHIN,4,400,strict_childcare
QUEENSTOWN,NATIONAL UNIVERSITY OF SPORE,1,100,strict_childcare
QUEENSTOWN,ONE NORTH,8,800,strict_childcare
QUEENSTOWN,PASIR PANJANG 1,4,400,strict_childcare
QUEENSTOWN,PASIR PANJANG 2,7,700,strict_childcare
QUEENSTOWN,QUEENSWAY,1,100,strict_childcare
QUEENSTOWN,SINGAPORE POLYTECHNIC,1,100,strict_childcare
QUEENSTOWN,TANGLIN HALT,3,300,strict_childcare
RIVER VALLEY,INSTITUTION HILL,1,100,strict_childcare
RIVER VALLEY,LEONIE HILL,2,200,strict_childcare
RIVER VALLEY,OXLEY,4,400,strict_childcare
ROCHOR,BENCOOLEN,1,100,strict_childcare
ROCHOR,FARRER PARK,1,100,strict_childcare
ROCHOR,LITTLE INDIA,1,100,strict_childcare
ROCHOR,MACKENZIE,1,100,strict_childcare
ROCHOR,MOUNT EMILY,2,200,strict_childcare
ROCHOR,VICTORIA,2,200,strict_childcare
SELETAR,SELETAR,1,100,strict_childcare
SEMBAWANG,ADMIRALTY,8,800,strict_childcare
SEMBAWANG,SEMBAWANG CENTRAL,17,1700,strict_childcare
SEMBAWANG,SEMBAWANG EAST,8,800,strict_childcare
SEMBAWANG,SEMBAWANG NORTH,9,900,strict_childcare
SEMBAWANG,SEMBAWANG SPRINGS,11,1100,strict_childcare
SENGKANG,ANCHORVALE,16,1600,strict_childcare
SENGKANG,COMPASSVALE,9,900,strict_childcare
SENGKANG,FERNVALE,19,1900,strict_childcare
SENGKANG,RIVERVALE,21,2100,strict_childcare
SENGKANG,SENGKANG TOWN CENTRE,22,2200,strict_childcare
SERANGOON,LORONG CHUAN,6,600,strict_childcare
SERANGOON,SELETAR HILLS,8,800,strict_childcare
SERANGOON,SERANGOON CENTRAL,5,500,strict_childcare
SERANGOON,SERANGOON GARDEN,11,1100,strict_childcare
SERANGOON,SERANGOON NORTH,8,800,strict_childcare
SERANGOON,SERANGOON NORTH IND ESTATE,3,300,strict_childcare
SERANGOON,UPPER PAYA LEBAR,5,500,strict_childcare
SINGAPORE RIVER,ROBERTSON QUAY,3,300,strict_childcare
TAMPINES,SIMEI,13,1300,strict_childcare
TAMPINES,TAMPINES EAST,46,4600,strict_childcare
TAMPINES,TAMPINES NORTH,9,900,strict_childcare
TAMPINES,TAMPINES WEST,32,3200,strict_childcare
TAMPINES,XILIN,8,800,strict_childcare
TANGLIN,CHATSWORTH,2,200,strict_childcare
TANGLIN,NASSIM,5,500,strict_childcare
TANGLIN,RIDOUT,4,400,strict_childcare
TENGAH,GARDEN,5,500,strict_childcare
TENGAH,PARK,5,600,strict_childcare
TENGAH,PLANTATION,5,500,strict_childcare
TOA PAYOH,BIDADARI,6,600,strict_childcare
TOA PAYOH,BOON TECK,2,200,strict_childcare
TOA PAYOH,BRADDELL,4,400,strict_childcare
TOA PAYOH,JOO SENG,7,700,strict_childcare
TOA PAYOH,KIM KEAT,5,500,strict_childcare
TOA PAYOH,LORONG 8 TOA PAYOH,2,200,strict_childcare
TOA PAYOH,PEI CHUN,3,300,strict_childcare
TOA PAYOH,POTONG PASIR,4,400,strict_childcare
TOA PAYOH,SENNETT,12,1200,strict_childcare
TOA PAYOH,TOA PAYOH CENTRAL,12,1200,strict_childcare
TOA PAYOH,TOA PAYOH WEST,2,200,strict_childcare
TOA PAYOH,WOODLEIGH,3,300,strict_childcare
WESTERN WATER CATCHMENT,CLEANTECH,1,100,strict_childcare
WESTERN WATER CATCHMENT,MURAI,1,100,strict_childcare
WOODLANDS,GREENWOOD PARK,1,100,strict_childcare
WOODLANDS,MIDVIEW,13,1300,strict_childcare
WOODLANDS,NORTH COAST,2,200,strict_childcare
WOODLANDS,WOODGROVE,12,1200,strict_childcare
WOODLANDS,WOODLANDS EAST,39,3900,strict_childcare
WOODLANDS,WOODLANDS REGIONAL CENTRE,3,400,strict_childcare
WOODLANDS,WOODLANDS SOUTH,10,1000,strict_childcare
WOODLANDS,WOODLANDS WEST,7,700,strict_childcare
YISHUN,KHATIB,3,300,strict_childcare
YISHUN,LOWER SELETAR,6,600,strict_childcare
YISHUN,NORTHLAND,15,1500,strict_childcare
YISHUN,SPRINGLEAF,2,200,strict_childcare
YISHUN,YISHUN CENTRAL,6,600,strict_childcare
YISHUN,YISHUN EAST,23,2300,strict_childcare
YISHUN,YISHUN SOUTH,12,1200,strict_childcare
YISHUN,YISHUN WEST,10,1000,strict_childcare
ANG MO KIO,ANG MO KIO TOWN CENTRE,3,300,base_preschool
ANG MO KIO,CHENG SAN,6,600,base_preschool
ANG MO KIO,CHONG BOON,3,300,base_preschool
ANG MO KIO,KEBUN BAHRU,9,900,base_preschool
ANG MO KIO,SEMBAWANG HILLS,3,300,base_preschool
ANG MO KIO,SHANGRI LA,8,800,base_preschool
ANG MO KIO,TAGORE,4,400,base_preschool
ANG MO KIO,TOWNSVILLE,5,500,base_preschool
ANG MO KIO,YIO CHU KANG,5,500,base_preschool
ANG MO KIO,YIO CHU KANG EAST,6,600,base_preschool
ANG MO KIO,YIO CHU KANG WEST,7,700,base_preschool
BEDOK,BAYSHORE,3,300,base_preschool
BEDOK,BEDOK NORTH,27,2700,base_preschool
BEDOK,BEDOK RESERVOIR,7,700,base_preschool
BEDOK,BEDOK SOUTH,15,1500,base_preschool
BEDOK,FRANKEL,24,2400,base_preschool
BEDOK,KAKI BUKIT,10,1000,base_preschool
BEDOK,KEMBANGAN,13,1300,base_preschool
BEDOK,SIGLAP,2,200,base_preschool
BISHAN,BISHAN EAST,11,1100,base_preschool
BISHAN,MARYMOUNT,12,1200,base_preschool
BISHAN,UPPER THOMSON,14,1400,base_preschool
BUKIT BATOK,BRICKWORKS,12,1300,base_preschool
BUKIT BATOK,BUKIT BATOK CENTRAL,9,900,base_preschool
BUKIT BATOK,BUKIT BATOK EAST,4,400,base_preschool
BUKIT BATOK,BUKIT BATOK SOUTH,7,700,base_preschool
BUKIT BATOK,BUKIT BATOK WEST,5,500,base_preschool
BUKIT BATOK,GOMBAK,4,400,base_preschool
BUKIT BATOK,GUILIN,4,400,base_preschool
BUKIT BATOK,HILLVIEW,10,1000,base_preschool
BUKIT BATOK,HONG KAH NORTH,7,700,base_preschool
BUKIT MERAH,ALEXANDRA HILL,9,900,base_preschool
BUKIT MERAH,ALEXANDRA NORTH,3,300,base_preschool
BUKIT MERAH,BUKIT HO SWEE,5,500,base_preschool
BUKIT MERAH,BUKIT MERAH,1,100,base_preschool
BUKIT MERAH,DEPOT ROAD,4,400,base_preschool
BUKIT MERAH,HENDERSON HILL,2,200,base_preschool
BUKIT MERAH,KAMPONG TIONG BAHRU,2,200,base_preschool
BUKIT MERAH,REDHILL,1,100,base_preschool
BUKIT MERAH,SINGAPORE GENERAL HOSPITAL,1,100,base_preschool
BUKIT MERAH,TELOK BLANGAH DRIVE,5,500,base_preschool
BUKIT MERAH,TIONG BAHRU,4,400,base_preschool
BUKIT MERAH,TIONG BAHRU STATION,3,300,base_preschool
BUKIT PANJANG,BANGKIT,6,600,base_preschool
BUKIT PANJANG,DAIRY FARM,4,400,base_preschool
BUKIT PANJANG,FAJAR,11,1100,base_preschool
BUKIT PANJANG,JELEBU,7,700,base_preschool
BUKIT PANJANG,NATURE RESERVE,5,500,base_preschool
BUKIT PANJANG,SAUJANA,11,1100,base_preschool
BUKIT PANJANG,SENJA,7,700,base_preschool
BUKIT TIMAH,ANAK BUKIT,15,1500,base_preschool
BUKIT TIMAH,CORONATION ROAD,7,700,base_preschool
BUKIT TIMAH,FARRER COURT,3,300,base_preschool
BUKIT TIMAH,HILLCREST,7,700,base_preschool
BUKIT TIMAH,HOLLAND ROAD,4,400,base_preschool
BUKIT TIMAH,LEEDON PARK,2,200,base_preschool
BUKIT TIMAH,SWISS CLUB,4,400,base_preschool
BUKIT TIMAH,ULU PANDAN,5,500,base_preschool
CHANGI,CHANGI AIRPORT,2,200,base_preschool
CHOA CHU KANG,CHOA CHU KANG CENTRAL,10,1000,base_preschool
CHOA CHU KANG,CHOA CHU KANG NORTH,10,1000,base_preschool
CHOA CHU KANG,KEAT HONG,12,1200,base_preschool
CHOA CHU KANG,PENG SIANG,12,1200,base_preschool
CHOA CHU KANG,TECK WHYE,12,1200,base_preschool
CHOA CHU KANG,YEW TEE,8,800,base_preschool
CLEMENTI,CLEMENTI CENTRAL,6,600,base_preschool
CLEMENTI,CLEMENTI NORTH,10,1000,base_preschool
CLEMENTI,CLEMENTI WEST,4,400,base_preschool
CLEMENTI,CLEMENTI WOODS,10,1000,base_preschool
CLEMENTI,FABER,1,100,base_preschool
CLEMENTI,SUNSET WAY,2,200,base_preschool
CLEMENTI,TOH TUCK,3,300,base_preschool
CLEMENTI,WEST COAST,4,400,base_preschool
DOWNTOWN CORE,CITY HALL,1,100,base_preschool
GEYLANG,ALJUNIED,20,2000,base_preschool
GEYLANG,GEYLANG EAST,13,1300,base_preschool
GEYLANG,KALLANG WAY,3,300,base_preschool
GEYLANG,KAMPONG UBI,8,800,base_preschool
GEYLANG,MACPHERSON,9,900,base_preschool
HOUGANG,HOUGANG CENTRAL,2,200,base_preschool
HOUGANG,HOUGANG EAST,5,500,base_preschool
HOUGANG,HOUGANG WEST,9,900,base_preschool
HOUGANG,KANGKAR,9,900,base_preschool
HOUGANG,KOVAN,13,1300,base_preschool
HOUGANG,LORONG AH SOO,17,1700,base_preschool
HOUGANG,TAI SENG,8,800,base_preschool
HOUGANG,TRAFALGAR,12,1200,base_preschool
JURONG EAST,INTERNATIONAL BUSINESS PARK,6,600,base_preschool
JURONG EAST,JURONG GATEWAY,6,600,base_preschool
JURONG EAST,TEBAN GARDENS,5,500,base_preschool
JURONG EAST,TOH GUAN,8,800,base_preschool
JURONG EAST,YUHUA EAST,9,900,base_preschool
JURONG EAST,YUHUA WEST,2,200,base_preschool
JURONG WEST,BOON LAY PLACE,6,600,base_preschool
JURONG WEST,HONG KAH,19,2000,base_preschool
JURONG WEST,JURONG WEST CENTRAL,21,2100,base_preschool
JURONG WEST,KIAN TECK,1,100,base_preschool
JURONG WEST,TAMAN JURONG,15,1500,base_preschool
JURONG WEST,WENYA,4,400,base_preschool
JURONG WEST,YUNNAN,20,2000,base_preschool
KALLANG,BENDEMEER,17,1800,base_preschool
KALLANG,BOON KENG,4,400,base_preschool
KALLANG,CRAWFORD,1,100,base_preschool
KALLANG,GEYLANG BAHRU,3,300,base_preschool
KALLANG,KALLANG BAHRU,8,800,base_preschool
KALLANG,KAMPONG BUGIS,1,100,base_preschool
KALLANG,KAMPONG JAVA,5,500,base_preschool
KALLANG,LAVENDER,3,300,base_preschool
KALLANG,TANJONG RHU,3,300,base_preschool
MANDAI,MANDAI EAST,1,100,base_preschool
MANDAI,MANDAI ESTATE,2,200,base_preschool
MARINE PARADE,KATONG,15,1500,base_preschool
MARINE PARADE,MARINE PARADE,10,1000,base_preschool
MARINE PARADE,MOUNTBATTEN,11,1100,base_preschool
MUSEUM,DHOBY GHAUT,1,100,base_preschool
NEWTON,CAIRNHILL,1,100,base_preschool
NEWTON,GOODWOOD PARK,2,200,base_preschool
NEWTON,ISTANA NEGARA,1,100,base_preschool
NEWTON,NEWTON CIRCUS,1,100,base_preschool
NOVENA,BALESTIER,12,1200,base_preschool
NOVENA,DUNEARN,2,200,base_preschool
NOVENA,MALCOLM,2,200,base_preschool
NOVENA,MOULMEIN,11,1100,base_preschool
ORCHARD,BOULEVARD,3,300,base_preschool
OUTRAM,PEARLS HILL,2,200,base_preschool
PASIR RIS,FLORA DRIVE,3,300,base_preschool
PASIR RIS,LOYANG WEST,1,100,base_preschool
PASIR RIS,PASIR RIS CENTRAL,11,1100,base_preschool
PASIR RIS,PASIR RIS DRIVE,16,1600,base_preschool
PASIR RIS,PASIR RIS PARK,8,800,base_preschool
PASIR RIS,PASIR RIS WEST,17,1700,base_preschool
PUNGGOL,MATILDA,14,1400,base_preschool
PUNGGOL,NORTHSHORE,17,1700,base_preschool
PUNGGOL,PUNGGOL FIELD,16,1600,base_preschool
PUNGGOL,PUNGGOL TOWN CENTRE,14,1600,base_preschool
PUNGGOL,WATERWAY EAST,22,2200,base_preschool
QUEENSTOWN,COMMONWEALTH,1,100,base_preschool
QUEENSTOWN,DOVER,2,200,base_preschool
QUEENSTOWN,GHIM MOH,4,400,base_preschool
QUEENSTOWN,HOLLAND DRIVE,4,400,base_preschool
QUEENSTOWN,KENT RIDGE,2,200,base_preschool
QUEENSTOWN,MARGARET DRIVE,12,1200,base_preschool
QUEENSTOWN,MEI CHIN,5,500,base_preschool
QUEENSTOWN,NATIONAL UNIVERSITY OF SPORE,1,100,base_preschool
QUEENSTOWN,ONE NORTH,8,800,base_preschool
QUEENSTOWN,PASIR PANJANG 1,5,500,base_preschool
QUEENSTOWN,PASIR PANJANG 2,8,800,base_preschool
QUEENSTOWN,QUEENSWAY,1,100,base_preschool
QUEENSTOWN,SINGAPORE POLYTECHNIC,1,100,base_preschool
QUEENSTOWN,TANGLIN HALT,3,300,base_preschool
RIVER VALLEY,INSTITUTION HILL,1,100,base_preschool
RIVER VALLEY,LEONIE HILL,3,300,base_preschool
RIVER VALLEY,ONE TREE HILL,1,100,base_preschool
RIVER VALLEY,OXLEY,4,400,base_preschool
ROCHOR,BENCOOLEN,1,100,base_preschool
ROCHOR,FARRER PARK,1,100,base_preschool
ROCHOR,LITTLE INDIA,1,100,base_preschool
ROCHOR,MACKENZIE,1,100,base_preschool
ROCHOR,MOUNT EMILY,2,200,base_preschool
ROCHOR,VICTORIA,2,200,base_preschool
SELETAR,SELETAR,1,100,base_preschool
SEMBAWANG,ADMIRALTY,10,1000,base_preschool
SEMBAWANG,SEMBAWANG CENTRAL,19,1900,base_preschool
SEMBAWANG,SEMBAWANG EAST,9,1000,base_preschool
SEMBAWANG,SEMBAWANG NORTH,10,1000,base_preschool
SEMBAWANG,SEMBAWANG SPRINGS,11,1100,base_preschool
SENGKANG,ANCHORVALE,19,1900,base_preschool
SENGKANG,COMPASSVALE,10,1000,base_preschool
SENGKANG,FERNVALE,23,2400,base_preschool
SENGKANG,RIVERVALE,22,2200,base_preschool
SENGKANG,SENGKANG TOWN CENTRE,23,2300,base_preschool
SERANGOON,LORONG CHUAN,6,600,base_preschool
SERANGOON,SELETAR HILLS,8,800,base_preschool
SERANGOON,SERANGOON CENTRAL,8,800,base_preschool
SERANGOON,SERANGOON GARDEN,15,1500,base_preschool
SERANGOON,SERANGOON NORTH,8,800,base_preschool
SERANGOON,SERANGOON NORTH IND ESTATE,3,300,base_preschool
SERANGOON,UPPER PAYA LEBAR,6,600,base_preschool
SINGAPORE RIVER,ROBERTSON QUAY,4,400,base_preschool
TAMPINES,SIMEI,15,1500,base_preschool
TAMPINES,TAMPINES EAST,53,5400,base_preschool
TAMPINES,TAMPINES NORTH,10,1000,base_preschool
TAMPINES,TAMPINES WEST,38,3800,base_preschool
TAMPINES,XILIN,8,800,base_preschool
TANGLIN,CHATSWORTH,3,300,base_preschool
TANGLIN,NASSIM,6,600,base_preschool
TANGLIN,RIDOUT,4,400,base_preschool
TANGLIN,TYERSALL,2,200,base_preschool
TENGAH,GARDEN,5,500,base_preschool
TENGAH,PARK,5,800,base_preschool
TENGAH,PLANTATION,5,500,base_preschool
TOA PAYOH,BIDADARI,6,600,base_preschool
TOA PAYOH,BOON TECK,2,200,base_preschool
TOA PAYOH,BRADDELL,4,400,base_preschool
TOA PAYOH,JOO SENG,8,800,base_preschool
TOA PAYOH,KIM KEAT,5,500,base_preschool
TOA PAYOH,LORONG 8 TOA PAYOH,3,300,base_preschool
TOA PAYOH,PEI CHUN,3,300,base_preschool
TOA PAYOH,POTONG PASIR,4,400,base_preschool
TOA PAYOH,SENNETT,13,1300,base_preschool
TOA PAYOH,TOA PAYOH CENTRAL,12,1200,base_preschool
TOA PAYOH,TOA PAYOH WEST,2,200,base_preschool
TOA PAYOH,WOODLEIGH,3,300,base_preschool
WESTERN WATER CATCHMENT,CLEANTECH,1,100,base_preschool
WESTERN WATER CATCHMENT,MURAI,1,100,base_preschool
WOODLANDS,GREENWOOD PARK,1,100,base_preschool
WOODLANDS,MIDVIEW,16,1600,base_preschool
WOODLANDS,NORTH COAST,2,200,base_preschool
WOODLANDS,WOODGROVE,13,1300,base_preschool
WOODLANDS,WOODLANDS EAST,40,4000,base_preschool
WOODLANDS,WOODLANDS REGIONAL CENTRE,3,400,base_preschool
WOODLANDS,WOODLANDS SOUTH,10,1100,base_preschool
WOODLANDS,WOODLANDS WEST,8,800,base_preschool
YISHUN,KHATIB,3,300,base_preschool
YISHUN,LOWER SELETAR,6,600,base_preschool
YISHUN,NORTHLAND,16,1600,base_preschool
YISHUN,SPRINGLEAF,2,200,base_preschool
YISHUN,YISHUN CENTRAL,6,600,base_preschool
YISHUN,YISHUN EAST,26,2700,base_preschool
YISHUN,YISHUN SOUTH,13,1300,base_preschool
YISHUN,YISHUN WEST,13,1300,base_preschool
ANG MO KIO,ANG MO KIO TOWN CENTRE,3,300,broad_all
ANG MO KIO,CHENG SAN,7,700,broad_all
ANG MO KIO,CHONG BOON,3,300,broad_all
ANG MO KIO,KEBUN BAHRU,9,900,broad_all
ANG MO KIO,SEMBAWANG HILLS,3,300,broad_all
ANG MO KIO,SHANGRI LA,8,800,broad_all
ANG MO KIO,TAGORE,4,400,broad_all
ANG MO KIO,TOWNSVILLE,6,600,broad_all
ANG MO KIO,YIO CHU KANG,5,500,broad_all
ANG MO KIO,YIO CHU KANG EAST,6,600,broad_all
ANG MO KIO,YIO CHU KANG WEST,7,700,broad_all
BEDOK,BAYSHORE,3,300,broad_all
BEDOK,BEDOK NORTH,28,2800,broad_all
BEDOK,BEDOK RESERVOIR,8,800,broad_all
BEDOK,BEDOK SOUTH,17,1700,broad_all
BEDOK,FRANKEL,25,2500,broad_all
BEDOK,KAKI BUKIT,10,1000,broad_all
BEDOK,KEMBANGAN,14,1400,broad_all
BEDOK,SIGLAP,2,200,broad_all
BISHAN,BISHAN EAST,11,1100,broad_all
BISHAN,MARYMOUNT,13,1300,broad_all
BISHAN,UPPER THOMSON,15,1500,broad_all
BUKIT BATOK,BRICKWORKS,12,1300,broad_all
BUKIT BATOK,BUKIT BATOK CENTRAL,9,900,broad_all
BUKIT BATOK,BUKIT BATOK EAST,4,400,broad_all
BUKIT BATOK,BUKIT BATOK SOUTH,7,700,broad_all
BUKIT BATOK,BUKIT BATOK WEST,5,500,broad_all
BUKIT BATOK,GOMBAK,4,400,broad_all
BUKIT BATOK,GUILIN,5,500,broad_all
BUKIT BATOK,HILLVIEW,10,1000,broad_all
BUKIT BATOK,HONG KAH NORTH,8,800,broad_all
BUKIT MERAH,ALEXANDRA HILL,9,900,broad_all
BUKIT MERAH,ALEXANDRA NORTH,3,300,broad_all
BUKIT MERAH,BUKIT HO SWEE,5,500,broad_all
BUKIT MERAH,BUKIT MERAH,1,100,broad_all
BUKIT MERAH,DEPOT ROAD,4,400,broad_all
BUKIT MERAH,HENDERSON HILL,2,200,broad_all
BUKIT MERAH,KAMPONG TIONG BAHRU,2,200,broad_all
BUKIT MERAH,REDHILL,1,100,broad_all
BUKIT MERAH,SINGAPORE GENERAL HOSPITAL,1,100,broad_all
BUKIT MERAH,TELOK BLANGAH DRIVE,6,600,broad_all
BUKIT MERAH,TIONG BAHRU,4,400,broad_all
BUKIT MERAH,TIONG BAHRU STATION,3,300,broad_all
BUKIT PANJANG,BANGKIT,6,600,broad_all
BUKIT PANJANG,DAIRY FARM,4,400,broad_all
BUKIT PANJANG,FAJAR,11,1100,broad_all
BUKIT PANJANG,JELEBU,7,700,broad_all
BUKIT PANJANG,NATURE RESERVE,5,500,broad_all
BUKIT PANJANG,SAUJANA,11,1100,broad_all
BUKIT PANJANG,SENJA,7,700,broad_all
BUKIT TIMAH,ANAK BUKIT,15,1500,broad_all
BUKIT TIMAH,CORONATION ROAD,7,700,broad_all
BUKIT TIMAH,FARRER COURT,3,300,broad_all
BUKIT TIMAH,HILLCREST,7,700,broad_all
BUKIT TIMAH,HOLLAND ROAD,4,400,broad_all
BUKIT TIMAH,LEEDON PARK,2,200,broad_all
BUKIT TIMAH,SWISS CLUB,4,400,broad_all
BUKIT TIMAH,ULU PANDAN,5,500,broad_all
CHANGI,CHANGI AIRPORT,2,200,broad_all
CHOA CHU KANG,CHOA CHU KANG CENTRAL,10,1000,broad_all
CHOA CHU KANG,CHOA CHU KANG NORTH,12,1200,broad_all
CHOA CHU KANG,KEAT HONG,14,1400,broad_all
CHOA CHU KANG,PENG SIANG,13,1300,broad_all
CHOA CHU KANG,TECK WHYE,12,1200,broad_all
CHOA CHU KANG,YEW TEE,10,1000,broad_all
CLEMENTI,CLEMENTI CENTRAL,6,600,broad_all
CLEMENTI,CLEMENTI NORTH,12,1200,broad_all
CLEMENTI,CLEMENTI WEST,4,400,broad_all
CLEMENTI,CLEMENTI WOODS,10,1000,broad_all
CLEMENTI,FABER,1,100,broad_all
CLEMENTI,SUNSET WAY,2,200,broad_all
CLEMENTI,TOH TUCK,3,300,broad_all
CLEMENTI,WEST COAST,4,400,broad_all
DOWNTOWN CORE,CITY HALL,1,100,broad_all
GEYLANG,ALJUNIED,20,2000,broad_all
GEYLANG,GEYLANG EAST,13,1300,broad_all
GEYLANG,KALLANG WAY,3,300,broad_all
GEYLANG,KAMPONG UBI,10,1000,broad_all
GEYLANG,MACPHERSON,9,900,broad_all
HOUGANG,HOUGANG CENTRAL,2,200,broad_all
HOUGANG,HOUGANG EAST,8,800,broad_all
HOUGANG,HOUGANG WEST,11,1100,broad_all
HOUGANG,KANGKAR,10,1000,broad_all
HOUGANG,KOVAN,13,1300,broad_all
HOUGANG,LORONG AH SOO,18,1800,broad_all
HOUGANG,TAI SENG,8,800,broad_all
HOUGANG,TRAFALGAR,15,1500,broad_all
JURONG EAST,INTERNATIONAL BUSINESS PARK,6,600,broad_all
JURONG EAST,JURONG GATEWAY,6,600,broad_all
JURONG EAST,TEBAN GARDENS,6,600,broad_all
JURONG EAST,TOH GUAN,9,900,broad_all
JURONG EAST,YUHUA EAST,9,900,broad_all
JURONG EAST,YUHUA WEST,2,200,broad_all
JURONG WEST,BOON LAY PLACE,8,800,broad_all
JURONG WEST,HONG KAH,20,2100,broad_all
JURONG WEST,JURONG WEST CENTRAL,21,2100,broad_all
JURONG WEST,KIAN TECK,1,100,broad_all
JURONG WEST,TAMAN JURONG,17,1700,broad_all
JURONG WEST,WENYA,4,400,broad_all
JURONG WEST,YUNNAN,23,2300,broad_all
KALLANG,BENDEMEER,18,1900,broad_all
KALLANG,BOON KENG,5,500,broad_all
KALLANG,CRAWFORD,2,200,broad_all
KALLANG,GEYLANG BAHRU,3,300,broad_all
KALLANG,KALLANG BAHRU,8,800,broad_all
KALLANG,KAMPONG BUGIS,1,100,broad_all
KALLANG,KAMPONG JAVA,6,600,broad_all
KALLANG,LAVENDER,3,300,broad_all
KALLANG,TANJONG RHU,3,300,broad_all
MANDAI,MANDAI EAST,1,100,broad_all
MANDAI,MANDAI ESTATE,2,200,broad_all
MARINE PARADE,KATONG,15,1500,broad_all
MARINE PARADE,MARINE PARADE,11,1100,broad_all
MARINE PARADE,MOUNTBATTEN,11,1100,broad_all
MUSEUM,DHOBY GHAUT,1,100,broad_all
NEWTON,CAIRNHILL,1,100,broad_all
NEWTON,GOODWOOD PARK,2,200,broad_all
NEWTON,ISTANA NEGARA,1,100,broad_all
NEWTON,NEWTON CIRCUS,1,100,broad_all
NOVENA,BALESTIER,13,1300,broad_all
NOVENA,DUNEARN,2,200,broad_all
NOVENA,MALCOLM,2,200,broad_all
NOVENA,MOULMEIN,11,1100,broad_all
ORCHARD,BOULEVARD,3,300,broad_all
OUTRAM,PEARLS HILL,2,200,broad_all
PASIR RIS,FLORA DRIVE,3,300,broad_all
PASIR RIS,LOYANG WEST,1,100,broad_all
PASIR RIS,PASIR RIS CENTRAL,11,1100,broad_all
PASIR RIS,PASIR RIS DRIVE,17,1700,broad_all
PASIR RIS,PASIR RIS PARK,8,800,broad_all
PASIR RIS,PASIR RIS WEST,17,1700,broad_all
PUNGGOL,MATILDA,14,1400,broad_all
PUNGGOL,NORTHSHORE,17,1700,broad_all
PUNGGOL,PUNGGOL FIELD,18,1800,broad_all
PUNGGOL,PUNGGOL TOWN CENTRE,16,1800,broad_all
PUNGGOL,WATERWAY EAST,24,2400,broad_all
QUEENSTOWN,COMMONWEALTH,1,100,broad_all
QUEENSTOWN,DOVER,2,200,broad_all
QUEENSTOWN,GHIM MOH,5,500,broad_all
QUEENSTOWN,HOLLAND DRIVE,5,500,broad_all
QUEENSTOWN,KENT RIDGE,2,200,broad_all
QUEENSTOWN,MARGARET DRIVE,12,1200,broad_all
QUEENSTOWN,MEI CHIN,5,500,broad_all
QUEENSTOWN,NATIONAL UNIVERSITY OF SPORE,1,100,broad_all
QUEENSTOWN,ONE NORTH,8,800,broad_all
QUEENSTOWN,PASIR PANJANG 1,5,500,broad_all
QUEENSTOWN,PASIR PANJANG 2,8,800,broad_all
QUEENSTOWN,QUEENSWAY,1,100,broad_all
QUEENSTOWN,SINGAPORE POLYTECHNIC,1,100,broad_all
QUEENSTOWN,TANGLIN HALT,4,400,broad_all
RIVER VALLEY,INSTITUTION HILL,1,100,broad_all
RIVER VALLEY,LEONIE HILL,3,300,broad_all
RIVER VALLEY,ONE TREE HILL,1,100,broad_all
RIVER VALLEY,OXLEY,4,400,broad_all
ROCHOR,BENCOOLEN,1,100,broad_all
ROCHOR,FARRER PARK,1,100,broad_all
ROCHOR,LITTLE INDIA,1,100,broad_all
ROCHOR,MACKENZIE,1,100,broad_all
ROCHOR,MOUNT EMILY,2,200,broad_all
ROCHOR,VICTORIA,2,200,broad_all
SELETAR,SELETAR,1,100,broad_all
SEMBAWANG,ADMIRALTY,10,1000,broad_all
SEMBAWANG,SEMBAWANG CENTRAL,20,2000,broad_all
SEMBAWANG,SEMBAWANG EAST,10,1100,broad_all
SEMBAWANG,SEMBAWANG NORTH,10,1000,broad_all
SEMBAWANG,SEMBAWANG SPRINGS,11,1100,broad_all
SENGKANG,ANCHORVALE,20,2000,broad_all
SENGKANG,COMPASSVALE,10,1000,broad_all
SENGKANG,FERNVALE,24,2600,broad_all
SENGKANG,RIVERVALE,22,2200,broad_all
SENGKANG,SENGKANG TOWN CENTRE,24,2400,broad_all
SERANGOON,LORONG CHUAN,6,600,broad_all
SERANGOON,SELETAR HILLS,8,800,broad_all
SERANGOON,SERANGOON CENTRAL,8,800,broad_all
SERANGOON,SERANGOON GARDEN,15,1500,broad_all
SERANGOON,SERANGOON NORTH,9,900,broad_all
SERANGOON,SERANGOON NORTH IND ESTATE,3,300,broad_all
SERANGOON,UPPER PAYA LEBAR,7,700,broad_all
SINGAPORE RIVER,ROBERTSON QUAY,4,400,broad_all
TAMPINES,SIMEI,15,1500,broad_all
TAMPINES,TAMPINES EAST,55,5600,broad_all
TAMPINES,TAMPINES NORTH,10,1000,broad_all
TAMPINES,TAMPINES WEST,39,3900,broad_all
TAMPINES,XILIN,8,800,broad_all
TANGLIN,CHATSWORTH,3,300,broad_all
TANGLIN,NASSIM,6,600,broad_all
TANGLIN,RIDOUT,4,400,broad_all
TANGLIN,TYERSALL,2,200,broad_all
TENGAH,GARDEN,5,500,broad_all
TENGAH,PARK,5,800,broad_all
TENGAH,PLANTATION,5,500,broad_all
TOA PAYOH,BIDADARI,6,600,broad_all
TOA PAYOH,BOON TECK,3,300,broad_all
TOA PAYOH,BRADDELL,4,400,broad_all
TOA PAYOH,JOO SENG,8,800,broad_all
TOA PAYOH,KIM KEAT,5,500,broad_all
TOA PAYOH,LORONG 8 TOA PAYOH,3,300,broad_all
TOA PAYOH,PEI CHUN,3,300,broad_all
TOA PAYOH,POTONG PASIR,5,500,broad_all
TOA PAYOH,SENNETT,13,1300,broad_all
TOA PAYOH,TOA PAYOH CENTRAL,13,1300,broad_all
TOA PAYOH,TOA PAYOH WEST,4,400,broad_all
TOA PAYOH,WOODLEIGH,3,300,broad_all
WESTERN WATER CATCHMENT,CLEANTECH,1,100,broad_all
WESTERN WATER CATCHMENT,MURAI,1,100,broad_all
WOODLANDS,GREENWOOD PARK,1,100,broad_all
WOODLANDS,MIDVIEW,16,1600,broad_all
WOODLANDS,NORTH COAST,3,300,broad_all
WOODLANDS,WOODGROVE,14,1400,broad_all
WOODLANDS,WOODLANDS EAST,42,4200,broad_all
WOODLANDS,WOODLANDS REGIONAL CENTRE,3,400,broad_all
WOODLANDS,WOODLANDS SOUTH,11,1200,broad_all
WOODLANDS,WOODLANDS WEST,8,800,broad_all
YISHUN,KHATIB,3,300,broad_all
YISHUN,LOWER SELETAR,6,600,broad_all
YISHUN,NORTHLAND,16,1600,broad_all
YISHUN,SPRINGLEAF,2,200,broad_all
YISHUN,YISHUN CENTRAL,6,600,broad_all
YISHUN,YISHUN EAST,26,2700,broad_all
YISHUN,YISHUN SOUTH,16,1600,broad_all
YISHUN,YISHUN WEST,14,1400,broad_all
